Puzzle Date,Constructor,Day of Week,Cheat Pct,Adjusted Mean,Adjusted Median,Adjusted P75,Adjusted P90,Actual Mean,Actual Median,Actual P75,Actual P90
2021-12-10,Joe DiPietro,Friday,0.19048,0.86357,0.68072,1.23823,1.79678,0.68639,0.56776,0.93033,1.44012
2021-03-19,Kameron Austin Collins,Friday,0.21818,0.751,0.60316,0.98832,1.57419,0.57539,0.60016,0.90121,1.05097
2021-10-06,Jules Markey,Wednesday,0.13235,0.79663,0.49917,0.92105,1.85814,0.66507,0.49055,0.87092,1.1859
2021-06-08,Christopher Adams,Tuesday,0.13514,0.73062,0.4937,0.97059,1.67712,0.63759,0.54985,0.91724,1.17383
2021-05-16,Joe DiPietro,Sunday,0.26786,0.53098,0.48228,0.70308,0.87387,0.44707,0.47341,0.60562,0.79804
2021-05-28,Andrew J. Ries,Friday,0.17857,0.54778,0.4443,0.77634,1.25304,0.49282,0.42104,0.80402,0.9956
2021-07-28,Alex Rosen and Brad Wilber,Wednesday,0.13699,0.49456,0.42148,0.84326,1.18759,0.52934,0.45618,0.80059,1.16853
2021-02-14,Lisa Bunker,Sunday,0.27273,0.49968,0.31644,0.51576,0.76474,0.33539,0.31717,0.5055,0.70603
2021-06-29,Alan Arbesfeld,Tuesday,0.09459,0.47828,0.31329,0.67939,1.10591,0.49796,0.39426,0.67939,1.17719
2021-05-20,Trenton Charlson,Thursday,0.2381,0.45071,0.29842,0.70948,1.29997,0.34183,0.29171,0.51474,0.7957
2021-07-17,Ryan McCarty,Saturday,0.18644,0.38112,0.29465,0.59101,1.25324,0.36285,0.30135,0.60658,0.7893
2021-01-21,Daniel Mauer,Thursday,0.18333,0.42108,0.28533,0.60089,1.08178,0.35968,0.28533,0.51166,0.75492
2021-11-12,Patrick John Duggan,Friday,0.10938,0.483,0.27921,0.68055,1.29356,0.36602,0.27921,0.51902,0.85644
2021-11-11,Mark MacLachlan,Thursday,0.08108,0.4005,0.27474,0.59792,1.01183,0.44522,0.36419,0.69661,1.01183
2021-12-03,Claire Rimkus,Friday,0.10606,0.48449,0.26864,0.69823,1.59568,0.4062,0.32549,0.61305,1.00371
2021-07-08,John Lampkin,Thursday,0.17143,0.3202,0.26797,0.53846,0.84915,0.29741,0.32757,0.50742,0.73401
2021-01-26,Peter Gordon,Tuesday,0.21538,0.56565,0.2508,0.68421,1.40845,0.35661,0.30219,0.60154,0.86491
2021-12-22,Noki Trias and Lawrence Barrett,Wednesday,0.13158,0.38912,0.25056,0.54902,1.13718,0.29626,0.2339,0.48674,0.77763
2021-08-26,Ashish Vengsarkar,Thursday,0.15942,0.42366,0.2437,0.5756,1.35906,0.28465,0.23144,0.46032,0.91852
2021-09-05,Grant Thackray,Sunday,0.21875,0.31955,0.23516,0.54666,0.8584,0.27183,0.23258,0.51612,0.65821
2021-12-18,David Distenfeld,Saturday,0.04918,0.23275,0.22579,0.48783,0.72607,0.30387,0.2562,0.48783,0.69795
2021-07-10,Trenton Charlson,Saturday,0.18033,0.37095,0.21588,0.74142,1.23988,0.34606,0.2382,0.60492,0.95256
2021-02-19,Amanda Rafkin,Friday,0.11111,0.29392,0.21445,0.55945,0.95852,0.26759,0.21445,0.48874,0.81468
2021-06-28,Pamela F. Davis,Monday,0.075,0.3376,0.21183,0.41591,0.79014,0.33022,0.21852,0.45652,0.68315
2021-02-26,Chuck Deodene,Friday,0.21053,0.33051,0.20818,0.50765,1.22254,0.19384,0.16737,0.4424,0.60717
2021-12-26,Christina Iverson,Sunday,0.14516,0.35812,0.20784,0.49346,0.72883,0.32208,0.26513,0.54074,0.70831
2021-08-30,Brooke Husic,Monday,0.08642,0.25752,0.19748,0.33194,1.09263,0.23944,0.21319,0.34284,0.53005
2021-03-25,Alex Eaton-Salners,Thursday,0.19048,0.31419,0.1969,0.62715,0.99786,0.23626,0.1832,0.51005,0.82447
2021-08-06,Seth A. Abel,Friday,0.125,0.22254,0.19441,0.42751,0.81832,0.20182,0.19441,0.41179,0.60564
2021-05-21,Sam Ezersky,Friday,0.19298,0.3016,0.19264,0.52826,0.95204,0.24222,0.19264,0.44294,0.72643
2021-01-23,Doug Peterson and Brad Wilber,Saturday,0.24,0.29351,0.19173,0.45159,0.66353,0.21508,0.16177,0.38746,0.63486
2021-11-24,Brandon Koppy,Wednesday,0.11538,0.41675,0.18223,0.46123,0.95064,0.29574,0.25967,0.47401,0.81333
2021-01-16,Sam Ezersky,Saturday,0.26415,0.14161,0.18023,0.29763,0.65649,0.09731,0.10368,0.24603,0.3759
2021-02-15,Meconya Alford,Monday,0.16667,0.26489,0.17722,0.39842,0.83526,0.22043,0.17722,0.34946,0.53068
2021-08-09,Alex Eaton-salners,Monday,0.07143,0.29745,0.17455,0.40049,0.83964,0.26835,0.22841,0.40049,0.75014
2021-09-28,Meghan Morris,Tuesday,0.075,0.22223,0.17228,0.43725,0.66722,0.26355,0.14158,0.43722,0.66722
2021-12-16,Trenton Charlson,Thursday,0.06944,0.25266,0.16641,0.38125,0.97501,0.23567,0.17847,0.45064,0.87145
2021-05-15,Sam Trabucco,Saturday,0.17308,0.19661,0.16615,0.36449,0.63782,0.18035,0.17631,0.35459,0.52607
2021-07-21,Alex Vratsanos,Wednesday,0.17105,0.37003,0.1574,0.36067,1.18201,0.20419,0.1574,0.33171,0.69131
2021-09-29,Alex Eaton-salners,Wednesday,0.09459,0.30107,0.15519,0.45266,0.86716,0.29234,0.23356,0.45674,0.71692
2021-07-23,Michael Hawkins,Friday,0.11111,0.22964,0.15477,0.46887,0.81311,0.21341,0.157,0.37819,0.69633
2021-03-23,Dan Schoenholz,Tuesday,0.21333,0.27568,0.1504,0.41691,0.93956,0.12557,0.13482,0.31241,0.45757
2021-10-31,Alex Eaton-Salners,Sunday,0.22581,0.24675,0.14903,0.34436,0.6206,0.14844,0.14529,0.27074,0.40878
2021-04-04,Angela Olson Halsted and Doug Peterson,Sunday,0.30508,0.21233,0.14209,0.49491,0.76783,0.12652,0.03375,0.23279,0.49491
2021-07-03,Kameron Austin Collins,Saturday,0.13793,0.22439,0.14189,0.51224,0.86467,0.20234,0.14991,0.41373,0.67804
2021-10-03,Trenton Charlson,Sunday,0.30303,0.41656,0.14135,0.84671,1.21238,0.20145,0.08712,0.40691,0.94214
2021-10-20,David W. Tuffs,Wednesday,0.17808,0.39801,0.13764,0.54954,1.22461,0.19161,0.12969,0.3362,0.56337
2021-12-28,Kathy Wienberg,Tuesday,0.12987,0.51944,0.13495,0.35536,2.19238,0.1759,0.09726,0.23731,0.50939
2021-08-28,Julian Lim,Saturday,0.09375,0.14387,0.1334,0.3739,0.57816,0.18358,0.15471,0.38125,0.5813
2021-04-03,Peter A. Collins,Saturday,0.18519,0.14021,0.13171,0.31178,0.61783,0.10647,0.05533,0.28631,0.49715
2021-04-29,Adam Wagner,Thursday,0.22059,0.32813,0.13135,0.44039,1.3239,0.28955,0.16525,0.45916,0.71915
2021-04-10,Evans Clinchy,Saturday,0.19608,0.2218,0.13122,0.50544,0.87009,0.15208,0.04202,0.31453,0.63588
2021-12-24,Evan Kalish,Friday,0.07353,0.20164,0.12373,0.36653,0.51523,0.23724,0.15895,0.43983,0.75399
2021-10-10,Brandon Koppy,Sunday,0.19697,0.16657,0.12212,0.32756,0.54431,0.14805,0.12212,0.30229,0.52013
2021-12-12,Daniel Okulitch and Doug Peterson,Sunday,0.20313,0.19874,0.12056,0.40118,0.65968,0.09734,0.10265,0.2182,0.46684
2021-03-16,Lindsey Hobbs,Tuesday,0.16438,0.21287,0.12033,0.39883,0.85141,0.18265,0.13674,0.35543,0.5151
2021-10-07,Timothy Polin,Thursday,0.10145,0.16347,0.11537,0.3744,0.73525,0.16299,0.12487,0.30384,0.60477
2021-03-17,Peter A. Collins,Wednesday,0.13433,0.28504,0.11205,0.39855,0.70278,0.16772,0.18994,0.37181,0.55027
2021-05-25,Kristian House and Mike Dockins,Tuesday,0.14286,0.24923,0.1084,0.35838,0.86614,0.23087,0.17647,0.35674,0.64991
2021-12-25,Johan Vass,Saturday,0.15254,0.27602,0.10642,0.3778,1.1509,0.19627,0.07858,0.3238,0.68254
2021-03-10,Nancy Stark and Will Nediger,Wednesday,0.11765,0.13495,0.10437,0.29271,0.56395,0.18692,0.12794,0.30329,0.56395
2021-07-12,Kevin Christian,Monday,0.08537,0.14551,0.10006,0.28985,0.55734,0.22167,0.18343,0.31667,0.50458
2021-10-25,Damon Gulczynski,Monday,0.10843,0.29071,0.09565,0.305,1.09935,0.12209,0.07121,0.21631,0.46678
2021-09-19,Peter Gordon,Sunday,0.15625,0.08263,0.08887,0.22026,0.37456,0.07839,0.1031,0.19511,0.31437
2021-12-20,Anne Rowley,Monday,0.0375,0.15776,0.08734,0.26047,0.59809,0.21248,0.13226,0.36742,0.65638
2021-03-08,Eric Bornstein,Monday,0.13333,0.24603,0.08611,0.38609,1.10872,0.19512,0.11753,0.35272,0.58037
2021-07-13,Bruce Haight,Tuesday,0.10127,0.19573,0.08266,0.33333,0.59492,0.18683,0.14118,0.37725,0.54904
2021-01-20,"Natan Last, Andy Kravis and the J.A.S.A. Crossword Class",Wednesday,0.19697,0.41349,0.08247,0.35606,0.80915,0.23326,0.08414,0.34525,0.5747
2021-03-14,Jacob Stulberg,Sunday,0.22807,0.14624,0.08238,0.23037,0.92976,0.11595,0.09011,0.23611,0.48983
2021-04-11,Dick Shlakman and Will Nediger,Sunday,0.26667,0.1224,0.08204,0.26396,0.69653,0.06578,0.0407,0.20601,0.31744
2021-03-29,Lynn Lempel,Monday,0.18182,0.35074,0.0814,0.39706,1.02912,0.09877,0.07271,0.265,0.47833
2021-09-21,Daniel Okulitch,Tuesday,0.11538,0.225,0.08086,0.32955,0.87789,0.1711,0.1033,0.27773,0.70572
2021-09-03,Brendan Emmett Quigley and Paolo Pasco,Friday,0.11765,0.16017,0.07987,0.43881,0.81077,0.17335,0.07987,0.32719,0.90692
2021-09-25,Adam Simon Levine,Saturday,0.2,0.14245,0.07806,0.35618,1.03571,0.05526,0.04816,0.17828,0.41996
2021-03-31,Trenton Charlson,Wednesday,0.15714,0.20346,0.07735,0.28828,0.55246,0.12436,0.07735,0.26381,0.43181
2021-04-26,Eric and Lori Bornstein,Monday,0.15,0.23819,0.07089,0.26473,0.85837,0.16994,0.11425,0.28017,0.59574
2021-08-22,Stephen McCarthy,Sunday,0.19697,0.18581,0.07024,0.38415,0.52222,0.0876,0.07024,0.30787,0.47472
2021-02-12,Grant Thackray,Friday,0.12069,0.18473,0.06865,0.22826,0.81246,0.15701,0.09101,0.22826,0.59161
2021-09-04,Byron Walden,Saturday,0.12903,0.17677,0.06407,0.30901,0.61448,0.12684,0.06706,0.25949,0.49298
2021-03-24,Amanda Rafkin and Ross Trudeau,Wednesday,0.12676,0.12273,0.0635,0.33354,0.59847,0.15679,0.14812,0.3302,0.53437
2021-08-19,Oliver Roeder,Thursday,0.08451,0.1878,0.05853,0.48468,0.90042,0.23644,0.10707,0.49026,0.7881
2021-12-21,Guilherme Gilioli,Tuesday,0.06494,0.1193,0.05341,0.25799,0.70039,0.16793,0.09732,0.2724,0.65972
2021-10-23,Sam Ezersky,Saturday,0.12698,0.17654,0.04954,0.34541,0.66659,0.17558,0.07317,0.35964,0.6233
2021-08-23,Bruce Haight,Monday,0.02381,0.10806,0.04392,0.28545,0.57006,0.19082,0.1008,0.36129,0.64193
2021-06-24,Danny Lawson,Thursday,0.14925,0.13579,0.04231,0.27286,0.94676,0.12245,0.11912,0.28365,0.4725
2021-01-12,Ross Trudeau,Tuesday,0.14085,0.14048,0.04164,0.19325,0.43319,0.0505,0.04443,0.18961,0.32782
2021-06-26,John Lieb and Brad Wilber,Saturday,0.12903,0.24481,0.03824,0.48681,0.89608,0.23634,0.06081,0.45886,0.7823
2021-08-15,Aimee Lucido and Ella Dershowitz,Sunday,0.19403,0.2052,0.03095,0.23099,0.89445,0.0913,0.00138,0.1855,0.3875
2021-11-26,Kate Hawkins,Friday,0.10294,0.2715,0.02796,0.28813,1.09183,0.19108,0.09381,0.30451,0.76834
2021-03-07,Celeste Watts and Jeff Chen,Sunday,0.22807,0.04611,0.02625,0.22889,0.545,0.04554,0.02625,0.17131,0.38771
2021-09-09,Billy Bratton,Thursday,0.11429,0.07579,0.02568,0.25765,0.699,0.07293,0.04756,0.25115,0.43858
2021-05-22,Sid Sivakumar and Matthew Stock,Saturday,0.16667,0.09773,0.02253,0.28594,0.68992,0.06724,0.02253,0.16856,0.35994
2021-07-05,Peter Gordon,Monday,0.09524,0.34993,0.02139,0.25789,0.80905,0.16161,0.09661,0.29102,0.49293
2021-12-02,Rebecca Goldstein,Thursday,0.13514,0.18795,0.02011,0.29734,0.84426,0.10945,0.0793,0.24632,0.50085
2021-09-11,Sid Sivakumar,Saturday,0.125,0.02781,0.01901,0.23635,0.47187,0.10595,0.05279,0.28955,0.47798
2021-11-05,Joseph Greenbaum,Friday,0.10145,0.07396,0.019,0.24581,0.60675,0.018,-0.00322,0.23618,0.48302
2021-08-13,John Guzzetta and Michael Hawkins,Friday,0.08955,0.12991,0.01788,0.38881,0.92241,0.13757,0.02314,0.23409,0.67148
2021-09-14,Christopher Adams,Tuesday,0.08974,0.22402,0.01598,0.37757,0.61325,0.18182,0.08814,0.37224,0.52362
2021-01-31,Jim Hilger,Sunday,0.23636,0.11681,0.01489,0.27612,0.5916,0.07204,0.02889,0.25463,0.39076
2021-12-31,Meghan Morris,Friday,0.03448,0.10781,0.01446,0.19283,0.64153,0.14426,0.03639,0.39431,0.67351
2021-06-22,Matt Frederick,Tuesday,0.07407,0.03234,0.01386,0.21957,0.46776,0.10972,0.08496,0.26606,0.33683
2021-08-24,Jessie Bullock and Ross Trudeau,Tuesday,0.07229,0.03518,0.01305,0.18872,0.34651,0.07528,0.05215,0.24879,0.39077
2021-07-14,Amanda Rafkin and Ross Trudeau,Wednesday,0.11688,0.12744,0.01052,0.2798,0.6713,0.10214,0.06668,0.26662,0.45168
2021-02-25,Dylan Schiff,Thursday,0.16393,0.11672,0.0088,0.35036,0.69535,0.07822,0.02626,0.28031,0.4797
2021-01-05,Amy Schecter and Christina Iverson,Tuesday,0.14754,0.15668,0.00669,0.2635,0.51316,0.07811,0.02333,0.27561,0.49007
2021-05-19,Ashish Vengsarkar,Wednesday,0.19178,0.22611,0.0027,0.32622,1.01531,0.08708,0.00145,0.19654,0.41648
2021-01-04,Kathy Wienberg,Monday,0.0625,0.05258,0.00146,0.21822,0.56876,0.08997,0.03237,0.22119,0.40224
2021-04-01,Sam Ezersky,Thursday,0.14286,0.10259,0.00018,0.27707,0.44105,0.06149,-0.01199,0.19851,0.59272
2021-08-29,Dory Mintz,Sunday,0.10606,0.14113,-0.00013,0.2523,0.45107,0.15773,0.06222,0.2523,0.42949
2021-01-28,Steve Mossberg,Thursday,0.17241,0.11872,-0.00198,0.295,0.81038,0.05466,-0.00198,0.26834,0.49077
2021-06-16,Finn Vigeland,Wednesday,0.11688,0.1789,-0.00307,0.35428,0.72889,0.14151,0.06169,0.34313,0.65127
2021-10-13,Brianne McManis,Wednesday,0.09333,0.20047,-0.00452,0.35344,1.10012,0.1295,0.02548,0.29625,0.48557
2021-01-19,Olivia Mitra Framke,Tuesday,0.2,0.2539,-0.00482,0.28448,0.70461,0.05848,-0.01406,0.20046,0.41635
2021-02-08,Portia Lundie,Monday,0.125,0.14022,-0.00487,0.19409,0.55018,0.05322,0.01015,0.17466,0.34952
2021-01-24,Lucy Howard and Ross Trudeau,Sunday,0.17857,0.02016,-0.00911,0.25931,0.57622,0.05073,0.05054,0.24903,0.31633
2021-02-18,Zachary Spitz,Thursday,0.10345,0.1306,-0.0097,0.30986,0.79255,0.15009,0.03778,0.26668,0.79255
2021-04-05,Zhouqin Burnikel,Monday,0.1875,0.20226,-0.01267,0.21059,0.77073,0.00498,0.00629,0.17499,0.35479
2021-07-11,Ashish Vengsarkar,Sunday,0.22727,0.13698,-0.01401,0.24594,0.62526,0.06304,0.06469,0.21134,0.35888
2021-01-17,Tracy Gray and Tom Pepper,Sunday,0.28302,0.22455,-0.01711,0.34264,0.97246,0.05249,-0.01711,0.16585,0.38222
2021-06-02,Jesse Goldberg,Wednesday,0.11842,0.12277,-0.02016,0.19666,0.70165,0.09665,0.04009,0.24289,0.42814
2021-08-01,Matthew Stock,Sunday,0.15493,0.02531,-0.02191,0.20643,0.34942,0.056,0.05662,0.21836,0.32092
2021-08-20,Randolph Ross,Friday,0.12676,0.04697,-0.02233,0.27578,0.56854,0.04212,0.02613,0.21248,0.30775
2021-07-19,Stephanie Lesser,Monday,0.07143,0.06743,-0.02306,0.15776,0.52085,0.10308,0.01266,0.1606,0.52085
2021-04-15,Brendan Emmett Quigley and Ben Zimmer,Thursday,0.22857,0.06871,-0.02323,0.32297,0.47322,0.00398,-0.02323,0.15867,0.32545
2021-09-23,Simeon Seigel,Thursday,0.13235,0.19594,-0.02607,0.19259,0.44667,-0.01035,-0.01425,0.13823,0.24403
2021-11-15,Ian Rathkey,Monday,0.04494,0.08322,-0.027,0.16925,0.6406,0.10608,0.02074,0.24192,0.55561
2021-03-13,John Guzzetta,Saturday,0.22222,0.04766,-0.02705,0.33709,0.57348,-0.03923,-0.04441,0.14896,0.33709
2021-03-02,Ross Trudeau,Tuesday,0.1,-0.02101,-0.02734,0.20219,0.41716,0.05619,-0.00325,0.19728,0.41716
2021-05-03,Ross Trudeau,Monday,0.09877,-0.03308,-0.02985,0.17241,0.44105,0.04297,0.04407,0.2039,0.34598
2021-05-29,Adam Aaronson,Saturday,0.12727,0.02421,-0.0336,0.22595,0.6983,0.04918,0.03588,0.20365,0.50491
2021-04-06,Amanda Chung and Karl Ni,Tuesday,0.14286,0.03182,-0.03426,0.12996,0.42331,0.07315,0.00159,0.21226,0.42331
2021-07-31,Brian Thomas and Brooke Husic,Saturday,0.14063,0.00924,-0.04316,0.15055,0.5875,-0.01298,-0.04324,0.13209,0.24157
2021-04-16,Tom Pepper,Friday,0.21875,0.03764,-0.04424,0.18428,0.6209,-0.04684,-0.06211,0.10064,0.31503
2021-02-22,Barbara Lin,Monday,0.09589,-0.01136,-0.04546,0.16774,0.32964,0.04776,0.00586,0.18617,0.31441
2021-08-12,Jake Halperin,Thursday,0.05714,0.01094,-0.04612,0.2044,0.3284,0.07459,0.07298,0.21215,0.33784
2021-04-25,Jeremy Newton,Sunday,0.13115,-0.02726,-0.04765,0.06903,0.4353,0.02143,-0.01101,0.18287,0.34185
2021-03-21,Julian Kwan,Sunday,0.14286,-0.00996,-0.04789,0.12986,0.51346,0.07358,0.06057,0.18641,0.38814
2021-06-06,Robyn Weintraub,Sunday,0.19672,0.01872,-0.05272,0.14219,0.50355,0.04836,-0.01466,0.14219,0.44119
2021-03-18,Tom McCoy,Thursday,0.08333,0.05656,-0.05332,0.13003,0.52815,0.00246,-0.0511,0.13003,0.29232
2021-01-02,Joe Deeney,Saturday,0.2,0.0584,-0.0538,0.20417,0.40946,-0.00726,-0.03051,0.12184,0.36835
2021-01-01,Milo Beckman,Friday,0.12963,0.02242,-0.05618,0.21827,0.51542,0.01917,0.01535,0.18187,0.30943
2021-08-03,Trip Payne,Tuesday,0.11688,0.09991,-0.05957,0.12094,0.43395,0.04736,0.00087,0.17144,0.39217
2021-11-28,Jeff Kremer,Sunday,0.05882,-0.04657,-0.05992,0.15148,0.29833,0.01093,0.00942,0.15544,0.25541
2021-02-09,Colin Ernst,Tuesday,0.14493,0.08502,-0.06144,0.12715,0.49927,0.05372,-0.05228,0.11861,0.48573
2021-08-31,Eric Bornstein,Tuesday,0.06173,0.04383,-0.06284,0.1031,0.28306,0.04155,0.00348,0.14211,0.34128
2021-09-02,David W. Tuffs,Thursday,0.09859,0.07319,-0.06293,0.28703,0.54088,0.06586,0.01371,0.28246,0.40968
2021-09-01,Sean Yamada-Hunter,Wednesday,0.075,-0.00987,-0.06402,0.17044,0.36294,0.02168,-0.02999,0.16452,0.32577
2021-04-23,Robyn Weintraub,Friday,0.10169,-0.04713,-0.06462,0.12735,0.37514,0.03968,0.02422,0.18982,0.4096
2021-11-07,Sid Sivakumar,Sunday,0.14286,0.01098,-0.06517,0.21531,0.47725,-0.00266,-0.03872,0.17188,0.27444
2021-01-14,Aimee Lucido and Ella Dershowitz,Thursday,0.19048,0.11341,-0.06539,0.26688,0.77328,-0.01878,-0.04677,0.14799,0.36682
2021-10-18,Freddie Cheng,Monday,0.10227,0.0465,-0.06596,0.13288,0.5755,0.01986,-0.01513,0.14932,0.35526
2021-07-29,Trenton Charlson,Thursday,0.12676,-0.00955,-0.06793,0.14207,0.60237,0.025,-0.05332,0.21312,0.46309
2021-03-30,Alex Rosen and Brad Wilber,Tuesday,0.14085,-0.01258,-0.06909,0.09192,0.51582,-0.01511,-0.03124,0.11567,0.39871
2021-01-25,Kevin Christian and Andrea Carla Michaels,Monday,0.15278,0.14568,-0.07265,0.07861,0.84744,-0.02676,-0.08253,0.04858,0.19688
2021-02-28,Brad Wiegmann,Sunday,0.14286,-0.05587,-0.07271,0.17822,0.3121,0.04464,0.02245,0.18744,0.32307
2021-02-24,Andrew J. Ries,Wednesday,0.16901,0.1626,-0.07288,0.23908,0.51039,-0.03835,-0.07251,0.08992,0.26512
2021-11-09,Jennifer Lee and Victor Galson,Tuesday,0.08235,0.04583,-0.07296,0.13493,0.46505,-0.00895,-0.03912,0.13399,0.30631
2021-08-17,Ruth Bloomfield Margolin,Tuesday,0.10976,0.05175,-0.07347,0.06507,0.3559,0.00793,-0.07061,0.06512,0.25708
2021-06-05,Peter Wentz,Saturday,0.07547,-0.02896,-0.07359,0.2034,0.49476,0.05087,0.033,0.20371,0.48367
2021-09-10,Adrian Kabigting,Friday,0.09091,0.01406,-0.07572,0.28777,0.46581,4.00E-05,-0.0063,0.15592,0.36641
2021-11-25,Chase Dittrich,Thursday,0.18421,0.06825,-0.07593,0.3097,0.82565,-0.01208,-0.05194,0.11889,0.33704
2021-05-01,Ryan McCarty,Saturday,0.10345,-0.04731,-0.07661,0.14327,0.34295,0.01816,-0.01805,0.19028,0.44327
2021-07-04,Howard Barkin,Sunday,0.16923,-0.07445,-0.08143,0.09326,0.40612,-0.04169,-0.08038,0.10436,0.36485
2021-11-22,Stella Zawistowski,Monday,0.03448,-0.04663,-0.08173,0.10113,0.24417,-0.02629,-0.01415,0.10808,0.23389
2021-07-25,Chandi Deitmer,Sunday,0.13636,0.00066,-0.0818,0.08319,0.30952,0.06844,-0.06293,0.08185,0.27398
2021-07-07,Peter A. Collins,Wednesday,0.08861,-0.03032,-0.08192,0.11167,0.3552,0.00884,0.03758,0.14899,0.31028
2021-09-06,Joshua Rosenblatt,Monday,0.08642,0.01283,-0.08477,0.065,0.3823,-0.05902,-0.07821,0.05492,0.18839
2021-06-13,Stephen McCarthy,Sunday,0.17241,-0.00874,-0.08565,0.1642,0.4552,0.01682,-0.04288,0.18652,0.332
2021-06-30,Christopher Adams and Adam Aaronson,Wednesday,0.11538,0.00348,-0.08718,0.17314,0.46564,-0.00824,-0.0537,0.16551,0.36775
2021-01-18,Jeff Stillman,Monday,0.09589,-0.04922,-0.08722,0.0572,0.42203,-0.01303,-0.04959,0.0799,0.34765
2021-03-22,Daniel Grinberg,Monday,0.1125,-0.00782,-0.0889,0.06924,0.21339,-0.04336,-0.04021,0.07338,0.19325
2021-06-21,Jacob Stulberg,Monday,0.04938,-0.0928,-0.0893,0.0678,0.14468,-0.02686,-0.047,0.10572,0.19869
2021-01-08,Evan Kalish,Friday,0.12281,0.04964,-0.0895,0.13838,1.08784,0.06508,-0.03453,0.1411,0.31325
2021-11-17,Anne Grae Martin,Wednesday,0.0241,-0.06223,-0.09167,0.10241,0.37685,0.01925,-0.01084,0.14556,0.34835
2021-03-27,Michael Hawkins,Saturday,0.10714,-0.01833,-0.09332,0.23614,0.50466,0.04262,0.04062,0.23614,0.4668
2021-11-30,Billy Ouska,Tuesday,0.04878,-0.05012,-0.09375,0.09782,0.38498,-0.03713,-0.08594,0.09759,0.23711
2021-01-10,Alex Bajcz,Sunday,0.22807,0.03893,-0.09415,0.0794,0.35893,-0.07491,-0.09124,0.05123,0.31653
2021-01-09,Trenton Charlson,Saturday,0.20755,0.07124,-0.09437,0.33313,0.75252,0.04,-0.04546,0.21524,0.58449
2021-04-18,Johan Vass,Sunday,0.25397,-0.01912,-0.09464,0.05955,0.70484,-0.09647,-0.09464,0.00948,0.16209
2021-11-29,Enrique Henestroza Anguiano,Monday,0.03448,-0.08216,-0.0951,0.06058,0.23247,-0.012,-0.06225,0.08033,0.2305
2021-07-20,Sam Buchbinder,Tuesday,0.08861,-0.07023,-0.09962,0.06617,0.26243,-0.03878,-0.08599,0.07774,0.20166
2021-04-21,Brandon Koppy,Wednesday,0.17808,0.01992,-0.10245,0.09304,0.51856,-0.03853,-0.09542,0.07085,0.26809
2021-09-18,Ryan McCarty,Saturday,0.07937,-0.10431,-0.10304,0.08896,0.34864,-0.05538,-0.0612,0.08896,0.3325
2021-05-12,Tracy Gray,Wednesday,0.14865,0.01651,-0.10756,0.10038,0.33368,-0.00606,-0.0266,0.11192,0.30363
2021-04-24,Kristian House and Mike Dockins,Saturday,0.07407,-0.00426,-0.11287,0.24634,0.41249,0.06642,0.01295,0.24634,0.49494
2021-09-27,Zachary David Levy,Monday,0.03659,0.03385,-0.11429,0.03467,0.29755,-0.04313,-0.09666,0.04538,0.29755
2021-03-15,Philip K. Chow,Monday,0.1375,0.04329,-0.11554,0.0878,0.74847,-0.04763,-0.07232,0.08687,0.26185
2021-05-09,Brad Wiegmann,Sunday,0.1746,-0.06152,-0.11868,0.18529,0.28699,-0.02857,-0.07909,0.10431,0.2281
2021-04-09,Jamey Smith,Friday,0.13115,-0.10986,-0.12193,0.05964,0.32529,-0.11654,-0.11675,0.05539,0.26715
2021-04-08,Jake Halperin,Thursday,0.13636,-0.0716,-0.12422,0.06292,0.33567,-0.0542,-0.06773,0.07634,0.28666
2021-09-15,Sophie Buchmueller and Ross Trudeau,Wednesday,0.04054,-0.11805,-0.12552,0.02503,0.26141,-0.08444,-0.11103,0.02503,0.26141
2021-03-11,Leslie Rogers,Thursday,0.14063,-0.06374,-0.12614,0.1046,0.3149,-0.03182,-0.07018,0.09538,0.3149
2021-06-23,Kate Hawkins,Wednesday,0.06494,-0.08354,-0.12872,0.07256,0.25928,-0.04398,-0.08172,0.12717,0.2627
2021-02-02,Adesina O. Koiki,Tuesday,0.17647,-0.06987,-0.12879,0.04209,0.36292,-0.11718,-0.15395,-0.03503,0.21811
2021-03-05,Sridhar Bhagavathula,Friday,0.10714,0.04422,-0.13435,0.21767,0.83718,0.05458,-6.00E-05,0.19723,0.51461
2021-09-26,Priyanka Sethy and Matthew Stock,Sunday,0.13043,-0.12131,-0.13491,0.01748,0.31306,-0.08837,-0.11142,0.01772,0.17616
2021-12-29,Simon Marotte and Victor Fleming,Wednesday,0.05479,-0.03896,-0.13612,0.04278,0.36992,-0.05088,-0.08576,0.1044,0.26662
2021-06-14,Andrea Carla Michaels and Doug Peterson,Monday,0.08235,-0.10472,-0.13635,0.01611,0.22767,-0.06694,-0.12257,0.01715,0.19739
2021-11-01,Fiona Taylor,Monday,0.06977,-0.02811,-0.13641,0.10448,0.41624,-0.05371,-0.10024,0.08065,0.25207
2021-10-19,Ross Trudeau,Tuesday,0.1375,0.17442,-0.13657,0.06925,0.82162,-0.09759,-0.09033,0.03507,0.14193
2021-12-06,Emily Rourke,Monday,0.05747,0.0368,-0.13825,0.15441,0.33467,-0.00455,-0.12331,0.11409,0.29062
2021-08-16,Freddie Cheng,Monday,0.04819,0.05805,-0.13889,-0.01496,0.16622,-0.07189,-0.09091,0.00977,0.17281
2021-02-21,Matthew Stock,Sunday,0.19298,-0.09196,-0.13957,0.05385,0.37465,-0.11095,-0.11185,0.04807,0.09644
2021-11-16,Drew Schmenner,Tuesday,0.06742,-0.04998,-0.14047,0.02471,0.35792,-0.03697,-0.0744,0.09347,0.21517
2021-03-20,Emily Carroll,Saturday,0.13462,-0.04934,-0.14078,0.00539,0.48652,-0.03844,-0.08319,0.05001,0.35508
2021-03-04,Blake Slonecker,Thursday,0.12903,-0.07124,-0.14194,0.06848,0.38481,-0.01217,-0.06721,0.0716,0.37089
2021-04-22,Jem Burch,Thursday,0.13235,-0.10153,-0.14325,0.01501,0.28689,-0.08377,-0.12687,0.05,0.19829
2021-02-20,Ali Gascoigne,Saturday,0.13462,-0.14434,-0.14366,0.04001,0.2778,-0.10652,-0.14366,0.06163,0.31398
2021-04-07,Adrian Johnson,Wednesday,0.14493,-0.07069,-0.14371,0.00911,0.36263,-0.12811,-0.16003,-0.01544,0.15241
2021-07-26,Tommy Pauly,Monday,0.02469,-0.11746,-0.14512,-0.00791,0.17503,-0.04875,-0.10894,0.01809,0.1751
2021-02-03,Yacob Yonas,Wednesday,0.12121,-0.12087,-0.14512,-0.00568,0.3264,-0.11118,-0.12199,-0.03295,0.17214
2021-11-21,Adam Wagner,Sunday,0.13043,-0.08598,-0.14677,0.10313,0.344,-0.02792,-0.08651,0.13633,0.27394
2021-12-04,Nam Jin Yoon,Saturday,0.07353,-0.04747,-0.14726,0.07139,0.5905,-0.06131,-0.12942,0.08424,0.45287
2021-03-26,Daniel Larsen,Friday,0.13115,-0.07193,-0.14854,0.14428,0.32306,-0.09068,-0.12285,0.11019,0.23206
2021-03-12,Peter Wentz,Friday,0.14286,-0.06398,-0.14959,0.19424,0.44403,-0.08155,-0.06564,0.10807,0.32912
2021-08-10,Anne Grae Martin,Tuesday,0.06173,-0.14296,-0.14984,0.01962,0.13222,-0.10739,-0.11491,0.01962,0.11705
2021-01-22,Daniel Larsen,Friday,0.12069,-0.01116,-0.15029,0.18775,0.77631,0.00201,-0.1086,0.18775,0.43294
2021-01-03,Paolo Pasco,Sunday,0.19231,-0.05579,-0.15126,0.0118,0.2996,-0.10553,-0.14637,0.00614,0.21289
2021-02-11,Alex Eaton-Salners,Thursday,0.09677,-0.06107,-0.15132,0.09106,0.42099,-0.02086,-0.05074,0.13203,0.25038
2021-08-14,Nam Jin Yoon,Saturday,0.04918,-0.09653,-0.1522,0.13589,0.3043,-0.01531,-0.08398,0.17526,0.55223
2021-07-18,Jesse Goldberg,Sunday,0.12308,-0.1516,-0.15324,0.02759,0.23465,-0.07861,-0.12656,0.0886,0.15224
2021-08-07,Adam Aaronson,Saturday,0.04688,-0.16999,-0.15356,-0.00779,0.23476,-0.08562,-0.10427,0.02433,0.33799
2021-08-21,Joseph Greenbaum,Saturday,0.09375,-0.07509,-0.1546,0.12118,0.37454,-0.08566,-0.11052,0.09498,0.34865
2021-11-04,David Steinberg,Thursday,0.07792,-0.06533,-0.15525,0.11605,0.56283,-0.04468,-0.12554,0.10241,0.3492
2021-04-14,Nathan Hasegawa,Wednesday,0.17333,-0.06095,-0.15778,0.01771,0.16808,-0.12393,-0.15949,0.00128,0.10307
2021-08-04,Brandon Koppy,Wednesday,0.11538,-0.09334,-0.15806,0.02688,0.3208,-0.0892,-0.11724,0.02107,0.25328
2021-09-24,Stella Zawistowski,Friday,0.04615,-0.01253,-0.15964,0.05263,0.36734,0.03249,-0.11096,0.09229,0.34959
2021-12-19,Laura Taylor Kinnel,Sunday,0.12121,-0.06043,-0.16036,0.02511,0.50282,-0.0541,-0.0837,0.01911,0.13991
2021-07-16,Sophia Maymudes and Kyra Wilson,Friday,0.12308,-0.04093,-0.16045,0.11768,0.55091,-0.0183,-0.08383,0.08955,0.44014
2021-11-06,Brooke Husic and Will Nediger,Saturday,0.125,-0.08274,-0.16439,0.07551,0.5346,-0.09155,-0.14675,0.05242,0.3473
2021-07-27,Jennifer Lee and Victor Galson,Tuesday,0.08537,-0.16812,-0.16606,-0.05733,0.07432,-0.09773,-0.1524,-0.02868,0.06963
2021-12-01,Christopher Youngs,Wednesday,0.06098,-0.05453,-0.16651,0.0556,0.35539,-0.03502,-0.09146,0.08418,0.25803
2021-10-26,Michael Schlossberg,Tuesday,0.0875,-0.09885,-0.16711,-0.00723,0.18323,-0.13599,-0.14038,-0.01043,0.13866
2021-06-27,Ross Trudeau and Lindsey Hobbs,Sunday,0.10769,-0.17037,-0.16725,-0.00424,0.30949,-0.09091,-0.12282,0.05723,0.18797
2021-10-12,Conor Sefkow,Tuesday,0.03571,-0.12489,-0.16954,0.00432,0.28438,-0.0813,-0.11318,0.02208,0.19489
2021-05-07,Brooke Husic,Friday,0.06349,-0.07877,-0.16991,0.04248,0.40275,0.00565,-0.09365,0.20203,0.4488
2021-04-27,Jeff McDermott,Tuesday,0.16667,-0.10132,-0.17123,-0.03009,0.34748,-0.20763,-0.18654,-0.08473,0.02999
2021-11-03,Dan Harris,Wednesday,0.09091,-0.04408,-0.17297,-0.00703,0.3604,-0.10376,-0.12226,-0.01901,0.17047
2021-12-27,Adam Aaronson,Monday,0.05814,-0.04735,-0.17321,0.00103,0.09711,-0.11939,-0.14943,0.00103,0.07519
2021-10-01,Jim Horne and Jeff Chen,Friday,0.10606,-0.07586,-0.17325,0.14001,0.56633,-0.08971,-0.16667,0.14001,0.34187
2021-10-11,Ben Pall,Monday,0.05882,-0.11074,-0.17409,-0.00601,0.18415,-0.12733,-0.14591,-0.02088,0.07859
2021-04-28,Hal Moore,Wednesday,0.12162,-0.05973,-0.17554,-0.00175,0.28183,-0.04455,-0.12286,0.01073,0.32701
2021-09-20,Pao Roy,Monday,0.08046,-0.10136,-0.17585,0.0047,0.24662,-0.11507,-0.11872,0.0047,0.15919
2021-10-16,Caitlin Reid and Erik Agard,Saturday,0.10938,-0.10623,-0.17588,0.04267,0.23037,-0.10918,-0.15783,0.03651,0.18051
2021-10-04,Christina Iverson and Andrea Carla Michaels,Monday,0.06024,0.15739,-0.17623,0.01054,0.1318,-0.13448,-0.15282,0.01604,0.11709
2021-06-18,Daniel Larsen,Friday,0.15625,-0.01031,-0.17645,0.22998,0.61076,-0.01652,-0.10112,0.12764,0.34188
2021-11-27,Trenton Charlson,Saturday,0.04545,-0.12703,-0.17891,0.05457,0.27999,-0.07604,-0.11547,0.04501,0.43966
2021-08-25,Adam Vincent,Wednesday,0.05263,-0.10182,-0.17935,0.0989,0.37259,-0.02236,-0.08471,0.11633,0.40408
2021-05-27,Barbara Lin,Thursday,0.13043,-0.10276,-0.17945,-0.03459,0.28284,-0.15716,-0.15391,-0.05351,0.12994
2021-02-10,Kate Hawkins,Wednesday,0.04615,-0.0952,-0.18007,0.01045,0.24903,0.04295,-0.10734,0.06794,0.17832
2021-12-23,Stephen McCarthy,Thursday,0.08108,-0.01417,-0.18056,0.00741,0.36978,-0.08326,-0.15904,0.04418,0.27942
2021-10-15,Ashton Anderson,Friday,0.04412,-0.16068,-0.1834,-0.00211,0.18534,-0.12025,-0.16047,0.02064,0.18534
2021-11-10,Max Chen Lauring and Benjamin Chen Lauring,Wednesday,0.09412,-0.03719,-0.18475,0.05334,0.35223,0.00309,-0.13537,0.05334,0.32761
2021-10-24,Katie Hale,Sunday,0.10448,-0.19526,-0.18514,-0.08123,0.08818,-0.1424,-0.12448,-0.06908,0.03984
2021-07-30,Eric Bornstein,Friday,0.12857,0.03676,-0.18515,0.12405,0.34498,0.03154,-0.13879,0.05388,0.34021
2021-11-20,Mary Lou Guizzo and Jeff Chen,Saturday,0.08696,-0.12301,-0.19096,0.05946,0.34707,-0.11582,-0.171,0.05946,0.21097
2021-05-26,Will Nediger,Wednesday,0.08219,-0.18903,-0.19398,-0.04233,0.14008,-0.11097,-0.15052,-0.0253,0.16444
2021-05-05,Bryce Hwang and  Rahul Sridhar and Akshay Ravikumar,Wednesday,0.11538,-0.10138,-0.19455,-0.05535,0.18597,-0.12213,-0.10784,-0.00555,0.13318
2021-06-04,Nam Jin Yoon,Friday,0.03226,-0.07578,-0.19621,0.08763,0.40985,-0.01502,-0.07564,0.12931,0.40985
2021-02-16,Johanna Fenimore,Tuesday,0.15278,-0.12881,-0.19864,-0.04213,0.29591,-0.14139,-0.18837,-0.06891,0.11374
2021-04-19,Andrea Carla Michaels,Monday,0.06173,-0.19802,-0.19908,-0.02602,0.16868,-0.06434,-0.12081,0.05631,0.3403
2021-06-15,Owen Travis,Tuesday,0.06098,-0.204,-0.20011,-0.07166,0.12518,-0.13774,-0.14055,-0.04597,0.14348
2021-07-01,Joe Deeney,Thursday,0.05634,-0.18776,-0.20084,0.00836,0.08964,-0.09618,-0.13129,0.0518,0.14675
2021-11-02,Vaibhav Srikaran and Matthew Stock,Tuesday,0.07059,-0.09184,-0.20085,-0.0074,0.14368,-0.12897,-0.14831,-0.0074,0.11846
2021-06-11,Matthew Stock,Friday,0.04615,-0.14854,-0.2024,-0.04449,0.27136,-0.05694,-0.10295,0.06729,0.28003
2021-05-02,Dan Schoenholz,Sunday,0.16923,-0.14728,-0.20247,-0.01937,0.43662,-0.12183,-0.17069,-0.05949,0.1493
2021-01-30,Nam Jin Yoon,Saturday,0.09091,-0.14771,-0.20358,0.07287,0.32204,-0.04531,-0.15171,0.04395,0.22451
2021-05-30,Adam Wagner,Sunday,0.18333,-0.10362,-0.20413,0.17775,0.38897,-0.05273,-0.15882,0.15309,0.36527
2021-08-08,Christina Iverson and Jeff Chen,Sunday,0.10145,-0.18461,-0.20429,-0.04089,0.22842,-0.12855,-0.19354,-0.03504,0.16216
2021-06-10,Sheldon Polonsky,Thursday,0.17333,-0.12807,-0.20705,-0.02306,0.29274,-0.14973,-0.20705,-0.02306,0.15255
2021-12-17,Evans Clinchy,Friday,0.01538,-0.16081,-0.20798,-0.06665,0.20798,-0.12247,-0.17645,0.06799,0.2415
2021-04-12,Aimee Lucido and Ella Dershowitz,Monday,0.12048,-0.04306,-0.20924,-0.03483,0.37966,-0.14169,-0.16057,-0.03752,0.08054
2021-05-24,Adrienne Atkins,Monday,0.0125,-0.25086,-0.21055,-0.03385,0.10707,-0.11193,-0.10339,-0.0061,0.10707
2021-03-09,Simon Marotte,Tuesday,0.12,-0.19827,-0.2145,-0.14479,0.15655,-0.2139,-0.2145,-0.14479,0.1365
2021-10-30,Michael Hawkins,Saturday,0.14516,-0.08412,-0.21562,0.0527,0.61092,-0.17643,-0.2145,-0.05757,0.22252
2021-07-15,Max Carpenter,Thursday,0.09722,-0.15121,-0.21717,-0.04323,0.22907,-0.10668,-0.14526,0.01529,0.22254
2021-01-13,Matthew Stock,Wednesday,0.11765,-0.11619,-0.21774,0.03704,0.17486,-0.15949,-0.18182,-0.02197,0.12774
2021-12-13,Tomas Spiers,Monday,0.01136,-0.23304,-0.21938,-0.09209,0.07644,-0.15191,-0.18655,-0.03856,0.10645
2021-05-14,Yacob Yonas,Friday,0.10938,-0.19855,-0.22003,-0.0013,0.14755,-0.15367,-0.21001,0.01166,0.17657
2021-12-30,John Ewbank,Thursday,0.01493,-0.22749,-0.22219,-0.11532,0.01591,-0.17272,-0.17037,-0.0454,0.08765
2021-06-19,Sophia Maymudes,Saturday,0.07813,-0.20031,-0.22254,-0.05838,0.21023,-0.15304,-0.1915,-0.05838,0.18803
2021-05-23,Jennifer Nebergall,Sunday,0.13559,-0.20433,-0.22261,-0.04903,0.18122,-0.1476,-0.17323,-0.01274,0.195
2021-03-03,Ann Shan,Wednesday,0.07143,-0.22497,-0.22311,-0.07044,0.0433,-0.14531,-0.13512,0.009,0.09622
2021-06-07,Erika Ettin,Monday,0.10588,-0.08145,-0.22498,-0.10412,0.12378,-0.18558,-0.19111,-0.09697,0.03473
2021-01-07,Matthew Stock and Sid Sivakumar,Thursday,0.08929,-0.13765,-0.22738,-0.01734,0.40305,-0.08303,-0.09663,0.03592,0.15632
2021-07-09,Robyn Weintraub,Friday,0.07463,-0.15351,-0.2287,-0.04358,0.04539,-0.15413,-0.16445,0.02145,0.1127
2021-03-06,Sid Sivakumar,Saturday,0.10526,-0.24771,-0.23434,-0.0758,0.15335,-0.18631,-0.16698,-0.03771,0.15335
2021-10-05,Hoang-Kim Vu and Jessica Zetzman,Tuesday,0.03797,-0.14184,-0.23662,-0.12713,0.14575,-0.20144,-0.21906,-0.12534,0.03978
2021-05-31,Michael Lieberman,Monday,0.07229,-0.19673,-0.23686,-0.07745,0.19561,-0.16457,-0.20343,-0.07243,0.07673
2021-12-08,Philip Koski,Wednesday,0.025,-0.24697,-0.23691,-0.06461,0.0334,-0.17755,-0.17774,-0.0521,0.06302
2021-12-14,Tao Platt,Tuesday,0.05952,-0.15108,-0.23737,-0.09466,0.05586,-0.1612,-0.19037,-0.07769,0.02054
2021-09-08,Lee Taylor,Wednesday,0.06329,-0.20059,-0.23864,-0.07464,0.10508,-0.14065,-0.2041,-0.03783,0.14173
2021-02-05,Erik Agard,Friday,0.11667,-0.098,-0.23935,0.09332,0.34366,-0.13733,-0.17498,-0.01001,0.2462
2021-09-17,Matthew Stock,Friday,0.07692,-0.14205,-0.24044,0.00823,0.17192,-0.10989,-0.13546,0.00849,0.17192
2021-07-22,John Guzzetta,Thursday,0.04167,-0.16471,-0.24245,-0.08887,0.29362,-0.09682,-0.12856,0.01248,0.22183
2021-01-27,Mike Knobler,Wednesday,0.07353,-0.23777,-0.24437,-0.05223,0.18228,-0.15484,-0.16337,-0.05958,0.18039
2021-05-17,Wren Schultz,Monday,0.08537,-0.17898,-0.24482,-0.04762,0.17331,-0.15983,-0.17943,-0.06371,0.09444
2021-05-13," Andy Kravis, Natan Last and The J.A.S.A. Crossword Class",Thursday,0.11111,-0.19415,-0.24543,-0.06233,0.23172,-0.12404,-0.16204,-0.03442,0.15326
2021-01-11,Martha Kimes,Monday,0.10959,-0.16051,-0.24554,-0.11167,0.17021,-0.23902,-0.24554,-0.13975,-0.04611
2021-08-05,Adam Wagner,Thursday,0.02703,-0.25622,-0.24727,-0.07685,0.00491,-0.16149,-0.1564,-0.01585,0.09686
2021-10-22,Robyn Weintraub,Friday,0.07353,-0.12155,-0.24749,-0.05474,0.59584,-0.13684,-0.18597,-0.0518,0.15779
2021-06-01,Finn Vigeland,Tuesday,0.1125,-0.18268,-0.25041,-0.10231,0.06972,-0.20991,-0.23931,-0.10577,0.01386
2021-05-10,Zhouqin Burnikel,Monday,0.08642,-0.20384,-0.2506,-0.05529,0.15255,-0.16087,-0.21081,-0.03298,0.10899
2021-12-09,Alexander Liebeskind,Thursday,0.05405,-0.2031,-0.25093,-0.1007,0.07765,-0.20801,-0.25057,-0.12018,0.03873
2021-12-15,Jessie Bullock and Ross Trudeau,Wednesday,0.07317,-0.15658,-0.25429,-0.10315,0.11717,-0.17786,-0.21171,-0.04702,0.1026
2021-09-13,A. Tariq,Monday,0.03529,-0.18472,-0.25467,-0.1467,-0.04354,-0.23164,-0.22697,-0.13913,-0.05413
2021-02-01,Soleil Saint-Cyr,Monday,0.07792,-0.22775,-0.25607,-0.17501,0.0788,-0.21688,-0.21838,-0.15399,-0.04968
2021-08-11,Joe DiPietro,Wednesday,0.0875,-0.14329,-0.25774,-0.09351,0.25612,-0.16191,-0.21469,-0.09351,0.19369
2021-07-02,Brooke Husic and Adam Nicolle,Friday,0.08824,-0.18691,-0.25919,-0.08098,0.30455,-0.17833,-0.22115,-0.07285,0.13613
2021-02-17,David Harris and Evan Kalish,Wednesday,0.12121,-0.24268,-0.2612,-0.13478,0.10478,-0.19986,-0.24573,-0.08634,0.10478
2021-10-02,Wendy L. Brandes,Saturday,0.10606,-0.14537,-0.26184,-0.01107,0.31253,-0.07286,-0.18847,0.02867,0.22794
2021-06-03,Kyra Wilson and Sophia Maymudes,Thursday,0.09859,-0.12513,-0.26365,0.02481,0.25809,-0.0844,-0.13285,0.0299,0.23039
2021-09-12,Alex Rosen,Sunday,0.12308,-0.25839,-0.26378,-0.09985,0.08787,-0.24016,-0.25747,-0.14259,-0.05782
2021-01-29,Robyn Weintraub,Friday,0.05172,-0.1834,-0.26552,-0.01844,0.21757,-0.10245,-0.14865,0.03883,0.31617
2021-08-02,Kyra Wilson,Monday,0.05814,-0.21278,-0.26733,-0.1175,0.02746,-0.19814,-0.23363,-0.11013,0.02851
2021-10-09,August  Lee-Kovach,Saturday,0.07813,-0.24529,-0.26735,-0.12145,0.12051,-0.23752,-0.21839,-0.14261,0.0216
2021-07-06,Katie Hale,Tuesday,0.07143,-0.18245,-0.27087,-0.08004,0.21171,-0.17755,-0.21053,-0.08004,0.09233
2021-06-09,Byron Walden,Wednesday,0.0641,-0.24665,-0.27122,-0.07,0.15542,-0.15045,-0.16837,-0.01515,0.15542
2021-05-08,David Steinberg,Saturday,0.10526,-0.17906,-0.27308,0.06149,0.29603,-0.15618,-0.20336,0.01691,0.18533
2021-05-18,Margaret Seikel,Tuesday,0.09091,-0.25333,-0.27725,-0.08804,0.14968,-0.19963,-0.26379,-0.08688,0.05945
2021-11-08,Carl Larson,Monday,0.03488,-0.27798,-0.28505,-0.16311,-0.00224,-0.2334,-0.24265,-0.15036,-0.00963
2021-01-15,Josh Knapp,Friday,0.10169,-0.1812,-0.28585,-0.0451,0.33515,-0.18005,-0.20985,-0.0451,0.15109
2021-05-06,Ed Sessa,Thursday,0.17143,-0.14042,-0.29203,-0.06176,0.45271,-0.16512,-0.23172,-0.07264,0.07341
2021-09-30,Rich Proulx,Thursday,0.09589,-0.23279,-0.29375,-0.11844,0.07554,-0.20095,-0.28894,-0.07883,0.10771
2021-06-20,Michael Lieberman,Sunday,0.10769,-0.26465,-0.29408,-0.17982,0.12277,-0.17235,-0.21543,-0.12324,0.10786
2021-10-21,Michael Lieberman,Thursday,0.06757,-0.27476,-0.2997,-0.17133,0.05979,-0.21769,-0.24887,-0.10714,0.06562
2021-03-01,Michael Lieberman,Monday,0.1039,-0.10543,-0.30265,-0.13891,0.12024,-0.22037,-0.27835,-0.13891,0.00207
2021-12-07,Margaret Seikel,Tuesday,0,-0.34621,-0.30763,-0.19232,-0.06697,-0.27371,-0.28639,-0.17395,-0.06697
2021-12-11,Hal Moore,Saturday,0.04615,-0.27178,-0.31272,-0.164,0.06645,-0.23705,-0.26727,-0.09746,0.04077
2021-02-27,Yacob Yonas,Saturday,0.15094,-0.24223,-0.31468,-0.05016,0.27645,-0.25362,-0.25972,-0.14608,0.01651
2021-02-07,Katie Hale and Christina Iverson,Sunday,0.07143,-0.27666,-0.32015,-0.15758,0.01912,-0.20823,-0.24018,-0.11282,0.01912
2021-09-07,Zhouqin Burnikel,Tuesday,0.02439,-0.29148,-0.32107,-0.18858,-0.04639,-0.24381,-0.25348,-0.14233,-0.04004
2021-10-28,Alan Massengill,Thursday,0.05479,-0.21023,-0.32331,-0.17212,-0.00824,-0.23932,-0.24558,-0.15734,0.02218
2021-06-25,Scott Earl,Friday,0.13636,-0.20384,-0.32798,-0.08702,0.36519,-0.23974,-0.30108,-0.12702,0.05794
2021-10-17,Jeff Chen,Sunday,0.10294,-0.24637,-0.33007,-0.14656,0.14574,-0.21779,-0.26194,-0.0888,0.11636
2021-07-24,Adam Aaronson and Ricky Cruz,Saturday,0.0625,-0.30495,-0.33013,-0.13679,0.06884,-0.24719,-0.2614,-0.08264,0.1181
2021-02-06,Kameron Austin Collins,Saturday,0.13208,-0.26477,-0.33288,-0.12786,0.17546,-0.20094,-0.29144,-0.11558,0.15698
2021-04-13,Michael Lieberman,Tuesday,0.10256,-0.30172,-0.33632,-0.21427,-0.0274,-0.28092,-0.29548,-0.19097,-0.08259
2021-10-08,Yacob Yonas,Friday,0.05714,-0.34177,-0.34003,-0.2355,-0.07618,-0.29368,-0.2993,-0.18184,0.03393
2021-05-04,Nina Sloan,Tuesday,0.10976,-0.27963,-0.34255,-0.23467,0.015,-0.30475,-0.3344,-0.23817,-0.14196
2021-04-30,Kate Hawkins,Friday,0.07813,-0.29335,-0.34396,-0.11611,0.01989,-0.24327,-0.23392,-0.10269,0.07907
2021-11-19,John Hawksley,Friday,0.10526,-0.19286,-0.34404,-0.13768,0.08523,-0.22966,-0.2841,-0.17902,0.08417
2021-08-18,Alina Abidi,Wednesday,0.07595,-0.28815,-0.34419,-0.16019,-0.01445,-0.26138,-0.27414,-0.14522,-0.06077
2021-06-12,Brooke Husic and Brian Thomas,Saturday,0.11475,-0.25564,-0.34468,-0.13871,0.13886,-0.24276,-0.3331,-0.09601,0.08774
2021-11-14,Aimee Lucido and Ella Dershowitz,Sunday,0.14865,-0.2368,-0.35788,-0.11221,0.2767,-0.28635,-0.33756,-0.20571,-0.02364
2021-11-23,Eric Bornstein,Tuesday,0.01136,-0.36305,-0.35964,-0.22788,-0.13543,-0.27785,-0.27686,-0.20224,-0.11044
2021-11-13,Adam Aaronson,Saturday,0.07576,-0.2993,-0.36008,-0.14923,0.19399,-0.26386,-0.33211,-0.16309,-0.04319
2021-06-17,Blake Slonecker,Thursday,0.07792,-0.31772,-0.3618,-0.16026,0.04476,-0.21454,-0.2621,-0.06112,0.18009
2021-03-28,Olivia Mitra Framke,Sunday,0.14754,-0.35584,-0.36702,-0.24413,-0.12487,-0.35265,-0.35701,-0.2631,-0.1705
2021-05-11,Kevin Patterson,Tuesday,0.09756,-0.21683,-0.36808,-0.18127,0.17282,-0.27792,-0.30958,-0.16523,-0.01016
2021-08-27,Robyn Weintraub,Friday,0.06944,-0.25471,-0.37708,-0.11806,0.151,-0.23586,-0.29635,-0.10728,0.02252
2021-04-20,Adam Wagner,Tuesday,0.08861,-0.33412,-0.37873,-0.17154,0.0499,-0.32068,-0.37038,-0.20301,-0.09728
2021-01-06,Eric Bornstein,Wednesday,0.05263,-0.31648,-0.37961,-0.14154,-0.02257,-0.2759,-0.29385,-0.14154,-0.02257
2021-02-23,Kate Hawkins,Tuesday,0.05797,-0.39058,-0.39825,-0.21228,-0.07285,-0.31253,-0.32489,-0.20046,-0.07285
2021-04-17,Leslie Rogers,Saturday,0.11475,-0.211,-0.39885,-0.07553,0.38172,-0.18326,-0.35618,-0.08352,0.23491
2021-04-02,Kyra Wilson and Sophia Maymudes,Friday,0.09375,-0.30497,-0.4119,-0.1633,-0.01013,-0.25885,-0.3282,-0.07824,-0.00394
2021-10-14,Matt Fuchs,Thursday,0.0137,-0.41131,-0.4137,-0.32961,-0.10237,-0.33671,-0.36267,-0.24051,-0.10237
2021-02-04,Derek Allen,Thursday,0.1129,-0.32495,-0.41569,-0.20176,0.15382,-0.30111,-0.35194,-0.23252,-0.05501
2021-02-13,Will Nediger,Saturday,0.05357,-0.3371,-0.42518,-0.12597,0.04049,-0.2467,-0.25734,-0.12751,-0.04832
2021-09-22,Grant Boroughs,Wednesday,0.02564,-0.40672,-0.42834,-0.2912,-0.14644,-0.33785,-0.37905,-0.2702,-0.11356
2021-10-27,Johanna Fenimore,Wednesday,0.05128,-0.35745,-0.43489,-0.31994,-0.0718,-0.31745,-0.38849,-0.22932,-0.06261
2021-12-05,Chase Dittrich and Jeff Chen,Sunday,0.04286,-0.40107,-0.43665,-0.28534,-0.13032,-0.30676,-0.33472,-0.21939,-0.09773
2021-10-29,Aimee Lucido,Friday,0.02941,-0.36763,-0.43686,-0.233,0.03364,-0.32834,-0.39571,-0.20157,-0.02931
2021-09-16,Kevin Patterson,Thursday,0.08333,-0.34999,-0.45792,-0.31114,-0.11272,-0.37798,-0.40663,-0.27726,-0.16437
2021-11-18,Ori Brian,Thursday,0.07407,-0.36665,-0.46193,-0.29057,-0.11092,-0.3695,-0.39727,-0.24964,-0.11795